{"train_loss_lst": [4.585373705083674, 3.9791027199138296, 3.3773709427226675, 2.7584843852303247, 2.2828673774545845, 1.8590811924500898, 1.5104585452513262, 1.231691837310791, 1.003918783231215, 0.7504671812057495, 0.5637935996055603, 0.4864746169610457, 0.4536628723144531, 0.3285786780444058, 0.23207340321757577, 0.1841728240251541, 0.16151898963884873, 0.15929842469367114, 0.14317478036338632, 0.1326151273467324, 0.09821548854762857, 0.07633938471024687, 0.08338195322589441, 0.08032401447946375, 0.07614019377665086, 0.06716536442664536, 0.06344237822023305, 0.06246357140215961, 0.041465673595666885, 0.0452207052572207, 0.04489929076622833, 0.042397466572848236, 0.04001590067690069, 0.044370256195014175, 0.03631762432103807, 0.038022680885412476, 0.02574387201192704, 0.03190679882060398, 0.02606221390041438, 0.029257699847221375, 0.021152826110747727, 0.034763058901510456, 0.02328912126408382, 0.035037244500761684, 0.02581499635495923, 0.025012520395896652, 0.01892360079694878, 0.017417230050672184, 0.013674083885482767, 0.014062636616555128, 0.016756327357143164, 0.014376017434353178, 0.015269757206128403, 0.016764902911910958, 0.014054431834004143, 0.013238746969198639, 0.014696257739243183, 0.013313477181575516, 0.012239775789732283, 0.009760617532513359, 0.0103734243999828, 0.009240430525758049, 0.010550606741823933, 0.00993290323425423, 0.009952518453990871, 0.010282975706187162, 0.007271674525162036, 0.009573769036003134, 0.007862499576400627, 0.009611133655363863, 0.009343426738103683, 0.0070856967517598105, 0.008511941287327896, 0.007137806260619651, 0.008685931245881047, 0.008151522520082917, 0.008286442734639753, 0.006261424055661668, 0.009019933789121833, 0.00732150497126647, 0.005296436053785411, 0.008513575758446346, 0.005856168562207709, 0.007315561577508395, 0.005513956495137377, 0.006233202187683095, 0.005574000766500831, 0.0056206055557016625, 0.006666403687135739, 0.008029021100479771, 0.004447935276072134, 0.005015302491797643, 0.00556523968804289, 0.0040128833762454715, 0.0067581706892021675, 0.004987262131180614, 0.006620096360248598, 0.006077211805280636, 0.004359826445579529, 0.0041192883456295185], "val_acc_lst": [0.14516129032258066, 0.14516129032258066, 0.1935483870967742, 0.15591397849462366, 0.20430107526881722, 0.23655913978494625, 0.3118279569892473, 0.26344086021505375, 0.3279569892473118, 0.3333333333333333, 0.3279569892473118, 0.25268817204301075, 0.3225806451612903, 0.41935483870967744, 0.4032258064516129, 0.3870967741935484, 0.3709677419354839, 0.3279569892473118, 0.34946236559139787, 0.3709677419354839, 0.3387096774193548, 0.3602150537634409, 0.3655913978494624, 0.3763440860215054, 0.40860215053763443, 0.3924731182795699, 0.3978494623655914, 0.43548387096774194, 0.44086021505376344, 0.44086021505376344, 0.4032258064516129, 0.3924731182795699, 0.40860215053763443, 0.3709677419354839, 0.3709677419354839, 0.3655913978494624, 0.3709677419354839, 0.3978494623655914, 0.3817204301075269, 0.3602150537634409, 0.3602150537634409, 0.34946236559139787, 0.3387096774193548, 0.3924731182795699, 0.3924731182795699, 0.4032258064516129, 0.44623655913978494, 0.4032258064516129, 0.41935483870967744, 0.44623655913978494, 0.42473118279569894, 0.42473118279569894, 0.40860215053763443, 0.40860215053763443, 0.45161290322580644, 0.43010752688172044, 0.42473118279569894, 0.42473118279569894, 0.41935483870967744, 0.42473118279569894, 0.43548387096774194, 0.46236559139784944, 0.46236559139784944, 0.42473118279569894, 0.41935483870967744, 0.4032258064516129, 0.42473118279569894, 0.44086021505376344, 0.44086021505376344, 0.44086021505376344, 0.4731182795698925, 0.46236559139784944, 0.44623655913978494, 0.46774193548387094, 0.44623655913978494, 0.43548387096774194, 0.43010752688172044, 0.44086021505376344, 0.44086021505376344, 0.41935483870967744, 0.3924731182795699, 0.46774193548387094, 0.42473118279569894, 0.41397849462365593, 0.46774193548387094, 0.46236559139784944, 0.4731182795698925, 0.45161290322580644, 0.44086021505376344, 0.45161290322580644, 0.43548387096774194, 0.44623655913978494, 0.45698924731182794, 0.44623655913978494, 0.46236559139784944, 0.44623655913978494, 0.44623655913978494, 0.41935483870967744, 0.42473118279569894, 0.3978494623655914], "precision_lst": [0.03025626169647909, 0.01927305770104498, 0.03235747557622558, 0.02204857397504456, 0.05576138362321673, 0.06761150884105328, 0.10726980064364242, 0.0864873030993774, 0.18357513661202185, 0.19061329258976317, 0.17915814777327935, 0.14159451219512195, 0.1975955882352941, 0.2850216548702393, 0.2652511077158136, 0.2914966861081654, 0.2779506691565515, 0.189138413780882, 0.22861111111111115, 0.24592803030303031, 0.27763758655739784, 0.2848742093328559, 0.2862718535690138, 0.3363694083694084, 0.3326139180855205, 0.316325311942959, 0.3223577694235589, 0.379180892636775, 0.3835230769230769, 0.39323968433527257, 0.30662243504224634, 0.3041339248986308, 0.32235173992673993, 0.28317286366601435, 0.2724461890019166, 0.25914358024810213, 0.27047662122288985, 0.30557077868368193, 0.2848338446489707, 0.2543743471582181, 0.27651520932697404, 0.2491190476190476, 0.23593728222996513, 0.26084251957193133, 0.26092037890424985, 0.28185391583534, 0.32758563074352554, 0.2723369963369963, 0.30339646464646464, 0.3129007724301842, 0.2900818534901284, 0.3011469654528478, 0.26745927442123096, 0.2887296037296037, 0.3219275210084034, 0.3118094950540603, 0.29692919903684517, 0.3025745341614907, 0.3023097273097273, 0.31290056022408963, 0.308680506993007, 0.3395996588693957, 0.3475101684547337, 0.31142427670368844, 0.29701850486911463, 0.277311807158753, 0.28544141604010026, 0.3199483009850207, 0.31149684818105866, 0.3393151515151515, 0.37854528985507246, 0.3484493464052288, 0.3204888888888889, 0.32050879942803717, 0.3209059500165508, 0.3089412768031189, 0.3286148325358852, 0.328157268170426, 0.335923751299473, 0.3099053571428571, 0.30072757898844854, 0.37345063831984404, 0.31347379813169285, 0.31631060606060607, 0.35384848484848486, 0.3542886362080656, 0.35430889208830385, 0.346616341991342, 0.3280269591673587, 0.3484130322836205, 0.3280415279319274, 0.3149199838583382, 0.353401122686837, 0.33863508771929823, 0.3686224468175269, 0.3378117715617715, 0.344703557312253, 0.3271681922196797, 0.32375122292103425, 0.30445809092867915],