{"acc": 0.4731182795698925, "model": "save_weights\\CustomEfficientNet_b1-acc=0.47312-loss=0.009343-max_epochs=100-1100\\best.pth", "loss": 0.009343426738103683, "precision": 0.37854528985507246, "recall": 0.36770175438596486, "epoch": 70, "ap": 0.010869565217391304}